transaction_id,client_id,date,merchant,category,amount_eur,direction,channel,is_recurring,month,gt_event_tag
T0001,C001,2026-01-01,KU LEUVEN ALMA RESTAURANT,Dining Out,6.85,debit,POS (Bancontact),N,2026-01,
T0002,C001,2026-01-01,LIDL,Groceries,29.97,debit,POS (Bancontact),N,2026-01,
T0003,C001,2026-01-01,SEPA - KOT HUUR LEUVEN,Rent & Housing,480.0,debit,SEPA transfer,Y,2026-01,
T0004,C001,2026-01-02,WISE EUROPE SA - R. RAO,Income - Transfer,673.34,credit,SEPA transfer,Y,2026-01,
T0005,C001,2026-01-05,MOBILE VIKINGS,Telecom,15.0,debit,Direct debit,Y,2026-01,
T0006,C001,2026-01-05,TAKEAWAY.COM,Food Delivery,26.27,debit,Card online,N,2026-01,
T0007,C001,2026-01-06,SWAPFIETS,Transport,22.5,debit,Direct debit,Y,2026-01,
T0008,C001,2026-01-08,CM ZIEKENFONDS,Health & Pharmacy,11.5,debit,Direct debit,Y,2026-01,
T0009,C001,2026-01-08,DELHAIZE,Groceries,35.26,debit,POS (Bancontact),N,2026-01,
T0010,C001,2026-01-12,KOFFIE / CAFE LEUVEN,Dining Out,5.42,debit,POS (Bancontact),N,2026-01,
T0011,C001,2026-01-13,KOFFIE / CAFE LEUVEN,Dining Out,3.75,debit,POS (Bancontact),N,2026-01,
T0012,C001,2026-01-14,H&M,Clothing,25.44,debit,POS (Bancontact),N,2026-01,
T0013,C001,2026-01-15,SPOTIFY STUDENT,Subscriptions,6.99,debit,Direct debit,Y,2026-01,
T0014,C001,2026-01-15,STAD LEUVEN - DIENST VREEMDELINGEN,Taxes & Fees,160.0,debit,Card online,N,2026-01,residence_permit_renewal
T0015,C001,2026-01-17,OUDE MARKT CAFE LEUVEN,Entertainment,22.03,debit,POS (Bancontact),N,2026-01,
T0016,C001,2026-01-18,NETFLIX,Subscriptions,7.99,debit,Direct debit,Y,2026-01,
T0017,C001,2026-01-18,OUDE MARKT CAFE LEUVEN,Entertainment,19.84,debit,POS (Bancontact),N,2026-01,
T0018,C001,2026-01-19,NMBS / SNCB,Transport,9.71,debit,Card online,N,2026-01,
T0019,C001,2026-01-20,DELHAIZE,Groceries,26.47,debit,POS (Bancontact),N,2026-01,
T0020,C001,2026-01-22,KU LEUVEN ALMA RESTAURANT,Dining Out,5.72,debit,POS (Bancontact),N,2026-01,
T0021,C001,2026-01-24,OUDE MARKT CAFE LEUVEN,Entertainment,15.49,debit,POS (Bancontact),N,2026-01,
T0022,C001,2026-01-25,ALDI,Groceries,38.04,debit,POS (Bancontact),N,2026-01,
T0023,C001,2026-01-25,ALDI,Groceries,38.19,debit,POS (Bancontact),N,2026-01,
T0024,C001,2026-01-25,RANDSTAD STUDENTS,Income - Salary,400.6,credit,SEPA transfer,N,2026-01,
T0025,C001,2026-01-26,DELHAIZE,Groceries,26.89,debit,POS (Bancontact),N,2026-01,
T0026,C001,2026-01-27,KU LEUVEN ALMA RESTAURANT,Dining Out,4.34,debit,POS (Bancontact),N,2026-01,
T0027,C001,2026-01-28,DELHAIZE,Groceries,36.78,debit,POS (Bancontact),N,2026-01,
T0028,C001,2026-01-28,KU LEUVEN COPYSHOP,Education,6.45,debit,POS (Bancontact),N,2026-01,
T0029,C001,2026-01-28,NMBS / SNCB,Transport,14.53,debit,Card online,N,2026-01,
T0030,C001,2026-02-01,SEPA - KOT HUUR LEUVEN,Rent & Housing,480.0,debit,SEPA transfer,Y,2026-02,
T0031,C001,2026-02-02,WISE EUROPE SA - R. RAO,Income - Transfer,700.45,credit,SEPA transfer,Y,2026-02,
T0032,C001,2026-02-03,KU LEUVEN STUDENTENADMIN - COLLEGEGELD,Education,2900.0,debit,SEPA transfer,N,2026-02,tuition_instalment
T0033,C001,2026-02-05,ALDI,Groceries,39.54,debit,POS (Bancontact),N,2026-02,
T0034,C001,2026-02-05,KU LEUVEN ALMA RESTAURANT,Dining Out,5.69,debit,POS (Bancontact),N,2026-02,
T0035,C001,2026-02-05,MOBILE VIKINGS,Telecom,15.0,debit,Direct debit,Y,2026-02,
T0036,C001,2026-02-06,SWAPFIETS,Transport,22.5,debit,Direct debit,Y,2026-02,
T0037,C001,2026-02-08,CM ZIEKENFONDS,Health & Pharmacy,11.5,debit,Direct debit,Y,2026-02,
T0038,C001,2026-02-08,KU LEUVEN ALMA RESTAURANT,Dining Out,6.97,debit,POS (Bancontact),N,2026-02,
T0039,C001,2026-02-09,NMBS / SNCB,Transport,6.11,debit,Card online,N,2026-02,
T0040,C001,2026-02-10,OUDE MARKT CAFE LEUVEN,Entertainment,20.06,debit,POS (Bancontact),N,2026-02,
T0041,C001,2026-02-13,OUDE MARKT CAFE LEUVEN,Entertainment,22.73,debit,POS (Bancontact),N,2026-02,
T0042,C001,2026-02-13,TAKEAWAY.COM,Food Delivery,20.06,debit,Card online,N,2026-02,
T0043,C001,2026-02-14,DELHAIZE,Groceries,26.66,debit,POS (Bancontact),N,2026-02,
T0044,C001,2026-02-15,SPOTIFY STUDENT,Subscriptions,6.99,debit,Direct debit,Y,2026-02,
T0045,C001,2026-02-16,DELHAIZE,Groceries,22.35,debit,POS (Bancontact),N,2026-02,
T0046,C001,2026-02-16,DELHAIZE,Groceries,25.34,debit,POS (Bancontact),N,2026-02,
T0047,C001,2026-02-16,KOFFIE / CAFE LEUVEN,Dining Out,5.14,debit,POS (Bancontact),N,2026-02,
T0048,C001,2026-02-17,DELHAIZE,Groceries,18.72,debit,POS (Bancontact),N,2026-02,
T0049,C001,2026-02-17,LIDL,Groceries,37.06,debit,POS (Bancontact),N,2026-02,
T0050,C001,2026-02-18,NETFLIX,Subscriptions,7.99,debit,Direct debit,Y,2026-02,
T0051,C001,2026-02-18,OUDE MARKT CAFE LEUVEN,Entertainment,13.52,debit,POS (Bancontact),N,2026-02,
T0052,C001,2026-02-19,ALDI,Groceries,21.74,debit,POS (Bancontact),N,2026-02,
T0053,C001,2026-02-20,H&M,Clothing,77.64,debit,POS (Bancontact),N,2026-02,
T0054,C001,2026-02-20,KU LEUVEN ALMA RESTAURANT,Dining Out,5.5,debit,POS (Bancontact),N,2026-02,
T0055,C001,2026-02-23,KOFFIE / CAFE LEUVEN,Dining Out,4.37,debit,POS (Bancontact),N,2026-02,
T0056,C001,2026-02-23,TAKEAWAY.COM,Food Delivery,20.7,debit,Card online,N,2026-02,
T0057,C001,2026-02-25,RANDSTAD STUDENTS,Income - Salary,460.04,credit,SEPA transfer,N,2026-02,
T0058,C001,2026-03-01,SEPA - KOT HUUR LEUVEN,Rent & Housing,480.0,debit,SEPA transfer,Y,2026-03,
T0059,C001,2026-03-02,DELHAIZE,Groceries,33.62,debit,POS (Bancontact),N,2026-03,
T0060,C001,2026-03-02,TAKEAWAY.COM,Food Delivery,24.53,debit,Card online,N,2026-03,
T0061,C001,2026-03-02,WISE EUROPE SA - R. RAO,Income - Transfer,690.2,credit,SEPA transfer,Y,2026-03,
T0062,C001,2026-03-03,KOFFIE / CAFE LEUVEN,Dining Out,3.0,debit,POS (Bancontact),N,2026-03,
T0063,C001,2026-03-05,MOBILE VIKINGS,Telecom,15.0,debit,Direct debit,Y,2026-03,
T0064,C001,2026-03-06,SWAPFIETS,Transport,22.5,debit,Direct debit,Y,2026-03,
T0065,C001,2026-03-07,KU LEUVEN ALMA RESTAURANT,Dining Out,6.62,debit,POS (Bancontact),N,2026-03,
T0066,C001,2026-03-08,CM ZIEKENFONDS,Health & Pharmacy,11.5,debit,Direct debit,Y,2026-03,
T0067,C001,2026-03-09,LIDL,Groceries,25.78,debit,POS (Bancontact),N,2026-03,
T0068,C001,2026-03-12,NMBS / SNCB,Transport,7.86,debit,Card online,N,2026-03,
T0069,C001,2026-03-14,DELHAIZE,Groceries,26.5,debit,POS (Bancontact),N,2026-03,
T0070,C001,2026-03-14,KU LEUVEN ALMA RESTAURANT,Dining Out,6.95,debit,POS (Bancontact),N,2026-03,
T0071,C001,2026-03-15,DELHAIZE,Groceries,25.29,debit,POS (Bancontact),N,2026-03,
T0072,C001,2026-03-15,KOFFIE / CAFE LEUVEN,Dining Out,5.75,debit,POS (Bancontact),N,2026-03,
T0073,C001,2026-03-15,SPOTIFY STUDENT,Subscriptions,6.99,debit,Direct debit,Y,2026-03,
T0074,C001,2026-03-16,KU LEUVEN ALMA RESTAURANT,Dining Out,7.29,debit,POS (Bancontact),N,2026-03,
T0075,C001,2026-03-16,KU LEUVEN ALMA RESTAURANT,Dining Out,5.3,debit,POS (Bancontact),N,2026-03,
T0076,C001,2026-03-18,NETFLIX,Subscriptions,7.99,debit,Direct debit,Y,2026-03,
T0077,C001,2026-03-19,H&M,Clothing,54.46,debit,POS (Bancontact),N,2026-03,
T0078,C001,2026-03-21,KU LEUVEN ALMA RESTAURANT,Dining Out,4.93,debit,POS (Bancontact),N,2026-03,
T0079,C001,2026-03-22,NMBS / SNCB,Transport,15.09,debit,Card online,N,2026-03,
T0080,C001,2026-03-23,ALDI,Groceries,36.5,debit,POS (Bancontact),N,2026-03,
T0081,C001,2026-03-25,RANDSTAD STUDENTS,Income - Salary,327.96,credit,SEPA transfer,N,2026-03,
T0082,C001,2026-03-26,ALDI,Groceries,17.95,debit,POS (Bancontact),N,2026-03,
T0083,C001,2026-03-26,OUDE MARKT CAFE LEUVEN,Entertainment,12.37,debit,POS (Bancontact),N,2026-03,
T0084,C001,2026-03-27,DELHAIZE,Groceries,24.93,debit,POS (Bancontact),N,2026-03,
T0085,C001,2026-03-27,OUDE MARKT CAFE LEUVEN,Entertainment,9.83,debit,POS (Bancontact),N,2026-03,
T0086,C001,2026-04-01,KOFFIE / CAFE LEUVEN,Dining Out,3.08,debit,POS (Bancontact),N,2026-04,
T0087,C001,2026-04-01,SEPA - KOT HUUR LEUVEN,Rent & Housing,480.0,debit,SEPA transfer,Y,2026-04,
T0088,C001,2026-04-02,AIRBNB,Travel - Lodging,145.0,debit,Card online,N,2026-04,short_trip_lodging
T0089,C001,2026-04-02,RYANAIR,Travel - Airline,78.0,debit,Card online,N,2026-04,short_trip_flight
T0090,C001,2026-04-02,WISE EUROPE SA - R. RAO,Income - Transfer,713.28,credit,SEPA transfer,Y,2026-04,
T0091,C001,2026-04-03,KU LEUVEN ALMA RESTAURANT,Dining Out,4.18,debit,POS (Bancontact),N,2026-04,
T0092,C001,2026-04-04,KU LEUVEN ALMA RESTAURANT,Dining Out,5.36,debit,POS (Bancontact),N,2026-04,
T0093,C001,2026-04-05,MOBILE VIKINGS,Telecom,15.0,debit,Direct debit,Y,2026-04,
T0094,C001,2026-04-06,SWAPFIETS,Transport,22.5,debit,Direct debit,Y,2026-04,
T0095,C001,2026-04-07,APOTHEEK,Health & Pharmacy,24.77,debit,POS (Bancontact),N,2026-04,
T0096,C001,2026-04-08,CM ZIEKENFONDS,Health & Pharmacy,11.5,debit,Direct debit,Y,2026-04,
T0097,C001,2026-04-10,KOFFIE / CAFE LEUVEN,Dining Out,4.35,debit,POS (Bancontact),N,2026-04,
T0098,C001,2026-04-11,NMBS / SNCB,Transport,11.51,debit,Card online,N,2026-04,
T0099,C001,2026-04-12,KU LEUVEN ALMA RESTAURANT,Dining Out,6.26,debit,POS (Bancontact),N,2026-04,
T0100,C001,2026-04-14,ALDI,Groceries,26.71,debit,POS (Bancontact),N,2026-04,
T0101,C001,2026-04-14,DELHAIZE,Groceries,29.38,debit,POS (Bancontact),N,2026-04,
T0102,C001,2026-04-15,SPOTIFY STUDENT,Subscriptions,6.99,debit,Direct debit,Y,2026-04,
T0103,C001,2026-04-16,DELHAIZE,Groceries,27.29,debit,POS (Bancontact),N,2026-04,
T0104,C001,2026-04-16,KOFFIE / CAFE LEUVEN,Dining Out,3.98,debit,POS (Bancontact),N,2026-04,
T0105,C001,2026-04-16,OUDE MARKT CAFE LEUVEN,Entertainment,28.87,debit,POS (Bancontact),N,2026-04,
T0106,C001,2026-04-17,DELHAIZE,Groceries,19.56,debit,POS (Bancontact),N,2026-04,
T0107,C001,2026-04-18,NETFLIX,Subscriptions,7.99,debit,Direct debit,Y,2026-04,
T0108,C001,2026-04-19,ALDI,Groceries,24.18,debit,POS (Bancontact),N,2026-04,
T0109,C001,2026-04-19,OUDE MARKT CAFE LEUVEN,Entertainment,21.61,debit,POS (Bancontact),N,2026-04,
T0110,C001,2026-04-19,TAKEAWAY.COM,Food Delivery,21.27,debit,Card online,N,2026-04,
T0111,C001,2026-04-20,DELHAIZE,Groceries,34.78,debit,POS (Bancontact),N,2026-04,
T0112,C001,2026-04-21,KU LEUVEN COPYSHOP,Education,15.44,debit,POS (Bancontact),N,2026-04,
T0113,C001,2026-04-23,H&M,Clothing,24.17,debit,POS (Bancontact),N,2026-04,
T0114,C001,2026-04-25,RANDSTAD STUDENTS,Income - Salary,505.0,credit,SEPA transfer,N,2026-04,
T0115,C001,2026-04-26,ALDI,Groceries,38.47,debit,POS (Bancontact),N,2026-04,
T0116,C001,2026-04-26,LIDL,Groceries,19.11,debit,POS (Bancontact),N,2026-04,
T0117,C001,2026-05-01,NMBS / SNCB,Transport,10.22,debit,Card online,N,2026-05,
T0118,C001,2026-05-01,SEPA - KOT HUUR LEUVEN,Rent & Housing,480.0,debit,SEPA transfer,Y,2026-05,
T0119,C001,2026-05-02,WISE EUROPE SA - R. RAO,Income - Transfer,723.73,credit,SEPA transfer,Y,2026-05,
T0120,C001,2026-05-05,DELHAIZE,Groceries,28.79,debit,POS (Bancontact),N,2026-05,
T0121,C001,2026-05-05,MOBILE VIKINGS,Telecom,15.0,debit,Direct debit,Y,2026-05,
T0122,C001,2026-05-06,SWAPFIETS,Transport,22.5,debit,Direct debit,Y,2026-05,
T0123,C001,2026-05-07,DELHAIZE,Groceries,24.58,debit,POS (Bancontact),N,2026-05,
T0124,C001,2026-05-07,DELHAIZE,Groceries,32.42,debit,POS (Bancontact),N,2026-05,
T0125,C001,2026-05-07,OUDE MARKT CAFE LEUVEN,Entertainment,13.09,debit,POS (Bancontact),N,2026-05,
T0126,C001,2026-05-08,CM ZIEKENFONDS,Health & Pharmacy,11.5,debit,Direct debit,Y,2026-05,
T0127,C001,2026-05-10,KU LEUVEN ALMA RESTAURANT,Dining Out,5.64,debit,POS (Bancontact),N,2026-05,
T0128,C001,2026-05-12,KU LEUVEN ALMA RESTAURANT,Dining Out,4.61,debit,POS (Bancontact),N,2026-05,
T0129,C001,2026-05-13,ALDI,Groceries,23.18,debit,POS (Bancontact),N,2026-05,
T0130,C001,2026-05-14,TAKEAWAY.COM,Food Delivery,21.63,debit,Card online,N,2026-05,
T0131,C001,2026-05-15,KU LEUVEN ALMA RESTAURANT,Dining Out,5.74,debit,POS (Bancontact),N,2026-05,
T0132,C001,2026-05-15,SPOTIFY STUDENT,Subscriptions,6.99,debit,Direct debit,Y,2026-05,
T0133,C001,2026-05-15,TAKEAWAY.COM,Food Delivery,23.04,debit,Card online,N,2026-05,
T0134,C001,2026-05-16,KOFFIE / CAFE LEUVEN,Dining Out,4.33,debit,POS (Bancontact),N,2026-05,
T0135,C001,2026-05-17,DELHAIZE,Groceries,35.26,debit,POS (Bancontact),N,2026-05,
T0136,C001,2026-05-17,KOFFIE / CAFE LEUVEN,Dining Out,5.39,debit,POS (Bancontact),N,2026-05,
T0137,C001,2026-05-18,H&M,Clothing,61.23,debit,POS (Bancontact),N,2026-05,
T0138,C001,2026-05-18,NETFLIX,Subscriptions,7.99,debit,Direct debit,Y,2026-05,
T0139,C001,2026-05-20,KU LEUVEN COPYSHOP,Education,19.04,debit,POS (Bancontact),N,2026-05,
T0140,C001,2026-05-22,ALDI,Groceries,40.33,debit,POS (Bancontact),N,2026-05,
T0141,C001,2026-05-22,DELHAIZE,Groceries,34.82,debit,POS (Bancontact),N,2026-05,
T0142,C001,2026-05-25,KU LEUVEN ALMA RESTAURANT,Dining Out,6.85,debit,POS (Bancontact),N,2026-05,
T0143,C001,2026-05-25,RANDSTAD STUDENTS,Income - Salary,388.44,credit,SEPA transfer,N,2026-05,
T0144,C001,2026-05-27,OUDE MARKT CAFE LEUVEN,Entertainment,10.08,debit,POS (Bancontact),N,2026-05,
T0145,C001,2026-05-28,LIDL,Groceries,16.05,debit,POS (Bancontact),N,2026-05,
T0146,C001,2026-05-28,NMBS / SNCB,Transport,14.04,debit,Card online,N,2026-05,
T0147,C001,2026-06-01,OUDE MARKT CAFE LEUVEN,Entertainment,9.26,debit,POS (Bancontact),N,2026-06,
T0148,C001,2026-06-01,SEPA - KOT HUUR LEUVEN,Rent & Housing,480.0,debit,SEPA transfer,Y,2026-06,
T0149,C001,2026-06-02,WISE EUROPE SA - R. RAO,Income - Transfer,703.91,credit,SEPA transfer,Y,2026-06,
T0150,C001,2026-06-04,DELHAIZE,Groceries,32.32,debit,POS (Bancontact),N,2026-06,
T0151,C001,2026-06-05,MOBILE VIKINGS,Telecom,15.0,debit,Direct debit,Y,2026-06,
T0152,C001,2026-06-06,KU LEUVEN ALMA RESTAURANT,Dining Out,4.91,debit,POS (Bancontact),N,2026-06,
T0153,C001,2026-06-06,SWAPFIETS,Transport,22.5,debit,Direct debit,Y,2026-06,
T0154,C001,2026-06-08,CM ZIEKENFONDS,Health & Pharmacy,11.5,debit,Direct debit,Y,2026-06,
T0155,C001,2026-06-09,OUDE MARKT CAFE LEUVEN,Entertainment,17.12,debit,POS (Bancontact),N,2026-06,
T0156,C001,2026-06-10,DELHAIZE,Groceries,26.63,debit,POS (Bancontact),N,2026-06,
T0157,C001,2026-06-10,KU LEUVEN ALMA RESTAURANT,Dining Out,7.26,debit,POS (Bancontact),N,2026-06,
T0158,C001,2026-06-10,TAKEAWAY.COM,Food Delivery,15.72,debit,Card online,N,2026-06,
T0159,C001,2026-06-14,ALDI,Groceries,20.14,debit,POS (Bancontact),N,2026-06,
T0160,C001,2026-06-14,KOFFIE / CAFE LEUVEN,Dining Out,5.6,debit,POS (Bancontact),N,2026-06,
T0161,C001,2026-06-15,SPOTIFY STUDENT,Subscriptions,6.99,debit,Direct debit,Y,2026-06,
T0162,C001,2026-06-17,KU LEUVEN ALMA RESTAURANT,Dining Out,5.1,debit,POS (Bancontact),N,2026-06,
T0163,C001,2026-06-18,NETFLIX,Subscriptions,7.99,debit,Direct debit,Y,2026-06,
T0164,C001,2026-06-19,KU LEUVEN ALMA RESTAURANT,Dining Out,6.93,debit,POS (Bancontact),N,2026-06,
T0165,C001,2026-06-19,NMBS / SNCB,Transport,17.86,debit,Card online,N,2026-06,
T0166,C001,2026-06-20,KU LEUVEN COPYSHOP,Education,4.8,debit,POS (Bancontact),N,2026-06,
T0167,C001,2026-06-22,ALDI,Groceries,16.81,debit,POS (Bancontact),N,2026-06,
T0168,C001,2026-06-22,DELHAIZE,Groceries,26.45,debit,POS (Bancontact),N,2026-06,
T0169,C001,2026-06-25,RANDSTAD STUDENTS,Income - Salary,416.33,credit,SEPA transfer,N,2026-06,
T0170,C001,2026-06-26,LIDL,Groceries,18.82,debit,POS (Bancontact),N,2026-06,
T0171,C001,2026-06-28,NMBS / SNCB,Transport,10.2,debit,Card online,N,2026-06,
T0172,C001,2026-07-01,QATAR AIRWAYS,Travel - Airline,890.0,debit,Card online,N,2026-07,home_country_flight
T0173,C001,2026-07-01,SEPA - KOT HUUR LEUVEN,Rent & Housing,480.0,debit,SEPA transfer,Y,2026-07,
T0174,C001,2026-07-02,NMBS / SNCB,Transport,14.66,debit,Card online,N,2026-07,
T0175,C001,2026-07-02,WISE EUROPE SA - R. RAO,Income - Transfer,693.29,credit,SEPA transfer,Y,2026-07,
T0176,C001,2026-07-04,DELHAIZE,Groceries,29.85,debit,POS (Bancontact),N,2026-07,
T0177,C001,2026-07-04,OUDE MARKT CAFE LEUVEN,Entertainment,14.53,debit,POS (Bancontact),N,2026-07,
T0178,C001,2026-07-05,MOBILE VIKINGS,Telecom,15.0,debit,Direct debit,Y,2026-07,
T0179,C001,2026-07-06,SWAPFIETS,Transport,22.5,debit,Direct debit,Y,2026-07,
T0180,C001,2026-07-08,CM ZIEKENFONDS,Health & Pharmacy,11.5,debit,Direct debit,Y,2026-07,
T0181,C001,2026-07-09,ALDI,Groceries,26.67,debit,POS (Bancontact),N,2026-07,
T0182,C001,2026-07-11,NMBS / SNCB,Transport,8.37,debit,Card online,N,2026-07,
T0183,C001,2026-07-14,DELHAIZE,Groceries,37.46,debit,POS (Bancontact),N,2026-07,
T0184,C001,2026-07-15,SPOTIFY STUDENT,Subscriptions,6.99,debit,Direct debit,Y,2026-07,
T0185,C001,2026-07-17,APOTHEEK,Health & Pharmacy,16.27,debit,POS (Bancontact),N,2026-07,
T0186,C001,2026-07-18,NETFLIX,Subscriptions,7.99,debit,Direct debit,Y,2026-07,
T0187,C001,2026-07-19,TAKEAWAY.COM,Food Delivery,26.64,debit,Card online,N,2026-07,
T0188,C001,2026-07-20,H&M,Clothing,27.36,debit,POS (Bancontact),N,2026-07,
T0189,C001,2026-07-23,KOFFIE / CAFE LEUVEN,Dining Out,3.99,debit,POS (Bancontact),N,2026-07,
T0190,C001,2026-07-25,OUDE MARKT CAFE LEUVEN,Entertainment,25.6,debit,POS (Bancontact),N,2026-07,
T0191,C001,2026-07-25,RANDSTAD STUDENTS,Income - Salary,425.87,credit,SEPA transfer,N,2026-07,
T0192,C001,2026-07-27,ALDI,Groceries,25.69,debit,POS (Bancontact),N,2026-07,
T0193,C001,2026-07-28,DELHAIZE,Groceries,25.03,debit,POS (Bancontact),N,2026-07,
T0194,C001,2026-08-01,SEPA - KOT HUUR LEUVEN,Rent & Housing,480.0,debit,SEPA transfer,Y,2026-08,
T0195,C001,2026-08-02,WISE EUROPE SA - R. RAO,Income - Transfer,710.91,credit,SEPA transfer,Y,2026-08,
T0196,C001,2026-08-05,MOBILE VIKINGS,Telecom,15.0,debit,Direct debit,Y,2026-08,
T0197,C001,2026-08-06,APOTHEEK,Health & Pharmacy,22.04,debit,POS (Bancontact),N,2026-08,
T0198,C001,2026-08-06,SWAPFIETS,Transport,22.5,debit,Direct debit,Y,2026-08,
T0199,C001,2026-08-08,CM ZIEKENFONDS,Health & Pharmacy,11.5,debit,Direct debit,Y,2026-08,
T0200,C001,2026-08-09,TAKEAWAY.COM,Food Delivery,21.58,debit,Card online,N,2026-08,
T0201,C001,2026-08-11,NMBS / SNCB,Transport,7.66,debit,Card online,N,2026-08,
T0202,C001,2026-08-13,OUDE MARKT CAFE LEUVEN,Entertainment,27.56,debit,POS (Bancontact),N,2026-08,
T0203,C001,2026-08-14,ALDI,Groceries,34.88,debit,POS (Bancontact),N,2026-08,
T0204,C001,2026-08-14,DELHAIZE,Groceries,21.99,debit,POS (Bancontact),N,2026-08,
T0205,C001,2026-08-15,SPOTIFY STUDENT,Subscriptions,6.99,debit,Direct debit,Y,2026-08,
T0206,C001,2026-08-18,NETFLIX,Subscriptions,7.99,debit,Direct debit,Y,2026-08,
T0207,C001,2026-08-19,DELHAIZE,Groceries,15.28,debit,POS (Bancontact),N,2026-08,
T0208,C001,2026-08-23,KOFFIE / CAFE LEUVEN,Dining Out,5.8,debit,POS (Bancontact),N,2026-08,
T0209,C001,2026-08-25,RANDSTAD STUDENTS,Income - Salary,780.0,credit,SEPA transfer,N,2026-08,
T0210,C001,2026-08-26,OUDE MARKT CAFE LEUVEN,Entertainment,11.25,debit,POS (Bancontact),N,2026-08,
T0211,C001,2026-09-01,SEPA - HUURWAARBORG KOT,Rent & Housing,960.0,debit,SEPA transfer,N,2026-09,rent_deposit_new_kot
T0212,C001,2026-09-01,SEPA - KOT HUUR LEUVEN,Rent & Housing,480.0,debit,SEPA transfer,Y,2026-09,
T0213,C001,2026-09-01,TAKEAWAY.COM,Food Delivery,27.31,debit,Card online,N,2026-09,
T0214,C001,2026-09-02,WISE EUROPE SA - R. RAO,Income - Transfer,732.29,credit,SEPA transfer,Y,2026-09,
T0215,C001,2026-09-05,MOBILE VIKINGS,Telecom,15.0,debit,Direct debit,Y,2026-09,
T0216,C001,2026-09-06,SWAPFIETS,Transport,22.5,debit,Direct debit,Y,2026-09,
T0217,C001,2026-09-07,KU LEUVEN ALMA RESTAURANT,Dining Out,5.31,debit,POS (Bancontact),N,2026-09,
T0218,C001,2026-09-08,ALDI,Groceries,29.12,debit,POS (Bancontact),N,2026-09,
T0219,C001,2026-09-08,ALDI,Groceries,35.37,debit,POS (Bancontact),N,2026-09,
T0220,C001,2026-09-08,CM ZIEKENFONDS,Health & Pharmacy,11.5,debit,Direct debit,Y,2026-09,
T0221,C001,2026-09-08,KU LEUVEN ALMA RESTAURANT,Dining Out,5.97,debit,POS (Bancontact),N,2026-09,
T0222,C001,2026-09-09,KU LEUVEN ALMA RESTAURANT,Dining Out,5.2,debit,POS (Bancontact),N,2026-09,
T0223,C001,2026-09-10,OUDE MARKT CAFE LEUVEN,Entertainment,12.13,debit,POS (Bancontact),N,2026-09,
T0224,C001,2026-09-12,APOTHEEK,Health & Pharmacy,21.86,debit,POS (Bancontact),N,2026-09,
T0225,C001,2026-09-12,KU LEUVEN ALMA RESTAURANT,Dining Out,7.33,debit,POS (Bancontact),N,2026-09,
T0226,C001,2026-09-12,KU LEUVEN STUDENTENADMIN - COLLEGEGELD,Education,3300.0,debit,SEPA transfer,N,2026-09,tuition_instalment
T0227,C001,2026-09-14,KU LEUVEN ACLO SPORT,Fitness,55.0,debit,Card online,N,2026-09,annual_sports_card
T0228,C001,2026-09-14,NMBS / SNCB,Transport,15.54,debit,Card online,N,2026-09,
T0229,C001,2026-09-15,KOFFIE / CAFE LEUVEN,Dining Out,4.65,debit,POS (Bancontact),N,2026-09,
T0230,C001,2026-09-15,SPOTIFY STUDENT,Subscriptions,6.99,debit,Direct debit,Y,2026-09,
T0231,C001,2026-09-16,KOFFIE / CAFE LEUVEN,Dining Out,5.69,debit,POS (Bancontact),N,2026-09,
T0232,C001,2026-09-18,NETFLIX,Subscriptions,7.99,debit,Direct debit,Y,2026-09,
T0233,C001,2026-09-21,DELHAIZE,Groceries,25.53,debit,POS (Bancontact),N,2026-09,
T0234,C001,2026-09-21,OUDE MARKT CAFE LEUVEN,Entertainment,17.03,debit,POS (Bancontact),N,2026-09,
T0235,C001,2026-09-22,DELHAIZE,Groceries,33.86,debit,POS (Bancontact),N,2026-09,
T0236,C001,2026-09-23,KU LEUVEN COPYSHOP,Education,19.53,debit,POS (Bancontact),N,2026-09,
T0237,C001,2026-09-24,DELHAIZE,Groceries,20.25,debit,POS (Bancontact),N,2026-09,
T0238,C001,2026-09-24,LIDL,Groceries,37.56,debit,POS (Bancontact),N,2026-09,
T0239,C001,2026-09-25,RANDSTAD STUDENTS,Income - Salary,403.37,credit,SEPA transfer,N,2026-09,
T0240,C001,2026-09-27,NMBS / SNCB,Transport,12.28,debit,Card online,N,2026-09,
T0241,C002,2026-01-03,OVERSCHRIJVING - S. CLAES,Income - Transfer,1100.0,credit,SEPA transfer,Y,2026-01,
T0242,C002,2026-01-04,KINDEROPVANG DE KLEINE ZON,Kids & Family,370.17,debit,SEPA transfer,Y,2026-01,
T0243,C002,2026-01-05,BELFIUS - WOONKREDIET,Rent & Housing,1350.0,debit,Direct debit,Y,2026-01,
T0244,C002,2026-01-06,APOTHEEK,Health & Pharmacy,41.93,debit,POS (Bancontact),N,2026-01,
T0245,C002,2026-01-06,Q8 / TOTALENERGIES,Fuel,101.46,debit,POS (Bancontact),N,2026-01,
T0246,C002,2026-01-07,ENGIE ELECTRABEL VOORSCHOT,Utilities,285.0,debit,Direct debit,Y,2026-01,
T0247,C002,2026-01-08,PIDPA WATER,Utilities,48.0,debit,Direct debit,Y,2026-01,
T0248,C002,2026-01-09,BAKKER,Groceries,10.97,debit,POS (Bancontact),N,2026-01,
T0249,C002,2026-01-10,COLRUYT,Groceries,110.85,debit,POS (Bancontact),N,2026-01,
T0250,C002,2026-01-10,GROEIPAKKET - KIND EN GEZIN,Income - Benefits,172.4,credit,SEPA transfer,Y,2026-01,
T0251,C002,2026-01-10,JBC KIDS,Clothing,68.94,debit,POS (Bancontact),N,2026-01,
T0252,C002,2026-01-11,BOL.COM,Shopping - General,55.43,debit,Card online,N,2026-01,
T0253,C002,2026-01-11,TELENET,Telecom,119.9,debit,Direct debit,Y,2026-01,
T0254,C002,2026-01-12,VLAAMSE BELASTINGDIENST - VERKEERSBELASTING,Taxes & Fees,310.0,debit,SEPA transfer,N,2026-01,annual_vehicle_tax
T0255,C002,2026-01-12,VOETBALCLUB KSK - LIDGELD,Kids & Family,30.0,debit,Direct debit,Y,2026-01,
T0256,C002,2026-01-13,BAKKER,Groceries,11.34,debit,POS (Bancontact),N,2026-01,
T0257,C002,2026-01-13,BASIC-FIT,Fitness,24.99,debit,Direct debit,Y,2026-01,
T0258,C002,2026-01-13,COLRUYT,Groceries,88.77,debit,POS (Bancontact),N,2026-01,
T0259,C002,2026-01-14,JUST EAT,Food Delivery,45.67,debit,Card online,N,2026-01,
T0260,C002,2026-01-15,NETFLIX,Subscriptions,13.99,debit,Direct debit,Y,2026-01,
T0261,C002,2026-01-16,DISNEY PLUS,Subscriptions,11.99,debit,Direct debit,Y,2026-01,
T0262,C002,2026-01-17,DELHAIZE,Groceries,72.78,debit,POS (Bancontact),N,2026-01,
T0263,C002,2026-01-17,DELHAIZE,Groceries,26.82,debit,POS (Bancontact),N,2026-01,
T0264,C002,2026-01-21,JUST EAT,Food Delivery,49.4,debit,Card online,N,2026-01,
T0265,C002,2026-01-22,DELHAIZE,Groceries,30.27,debit,POS (Bancontact),N,2026-01,
T0266,C002,2026-01-22,Q8 / TOTALENERGIES,Fuel,97.55,debit,POS (Bancontact),N,2026-01,
T0267,C002,2026-01-24,BRICO / GAMMA,Home & Garden,110.03,debit,POS (Bancontact),N,2026-01,
T0268,C002,2026-01-25,RESTAURANT,Dining Out,138.32,debit,POS (Bancontact),N,2026-01,
T0269,C002,2026-01-28,BESIX NV - LOON,Income - Salary,4342.9,credit,SEPA transfer,Y,2026-01,
T0270,C002,2026-01-28,COLRUYT,Groceries,124.99,debit,POS (Bancontact),N,2026-01,
T0271,C002,2026-02-01,COLRUYT,Groceries,141.82,debit,POS (Bancontact),N,2026-02,
T0272,C002,2026-02-01,SUNWEB WINTERSPORT,Travel - Lodging,3150.0,debit,Card online,N,2026-02,ski_trip
T0273,C002,2026-02-03,COLRUYT,Groceries,87.32,debit,POS (Bancontact),N,2026-02,
T0274,C002,2026-02-03,DREAMLAND,Kids & Family,59.46,debit,POS (Bancontact),N,2026-02,
T0275,C002,2026-02-03,OVERSCHRIJVING - S. CLAES,Income - Transfer,1100.0,credit,SEPA transfer,Y,2026-02,
T0276,C002,2026-02-04,KINDEROPVANG DE KLEINE ZON,Kids & Family,396.93,debit,SEPA transfer,Y,2026-02,
T0277,C002,2026-02-05,BELFIUS - WOONKREDIET,Rent & Housing,1350.0,debit,Direct debit,Y,2026-02,
T0278,C002,2026-02-07,COLRUYT,Groceries,106.2,debit,POS (Bancontact),N,2026-02,
T0279,C002,2026-02-07,ENGIE ELECTRABEL VOORSCHOT,Utilities,285.0,debit,Direct debit,Y,2026-02,
T0280,C002,2026-02-08,DELHAIZE,Groceries,28.22,debit,POS (Bancontact),N,2026-02,
T0281,C002,2026-02-08,PIDPA WATER,Utilities,48.0,debit,Direct debit,Y,2026-02,
T0282,C002,2026-02-09,BAKKER,Groceries,15.87,debit,POS (Bancontact),N,2026-02,
T0283,C002,2026-02-10,GROEIPAKKET - KIND EN GEZIN,Income - Benefits,172.4,credit,SEPA transfer,Y,2026-02,
T0284,C002,2026-02-11,BOL.COM,Shopping - General,28.26,debit,Card online,N,2026-02,
T0285,C002,2026-02-11,DELHAIZE,Groceries,51.5,debit,POS (Bancontact),N,2026-02,
T0286,C002,2026-02-11,TELENET,Telecom,119.9,debit,Direct debit,Y,2026-02,
T0287,C002,2026-02-12,Q8 / TOTALENERGIES,Fuel,93.92,debit,POS (Bancontact),N,2026-02,
T0288,C002,2026-02-12,VOETBALCLUB KSK - LIDGELD,Kids & Family,30.0,debit,Direct debit,Y,2026-02,
T0289,C002,2026-02-13,BASIC-FIT,Fitness,24.99,debit,Direct debit,Y,2026-02,
T0290,C002,2026-02-15,NETFLIX,Subscriptions,13.99,debit,Direct debit,Y,2026-02,
T0291,C002,2026-02-16,BAKKER,Groceries,20.55,debit,POS (Bancontact),N,2026-02,
T0292,C002,2026-02-16,DISNEY PLUS,Subscriptions,11.99,debit,Direct debit,Y,2026-02,
T0293,C002,2026-02-17,Q8 / TOTALENERGIES,Fuel,78.65,debit,POS (Bancontact),N,2026-02,
T0294,C002,2026-02-17,RESTAURANT,Dining Out,104.93,debit,POS (Bancontact),N,2026-02,
T0295,C002,2026-02-19,JBC KIDS,Clothing,67.79,debit,POS (Bancontact),N,2026-02,
T0296,C002,2026-02-21,BAKKER,Groceries,7.88,debit,POS (Bancontact),N,2026-02,
T0297,C002,2026-02-22,JUST EAT,Food Delivery,41.78,debit,Card online,N,2026-02,
T0298,C002,2026-02-23,COLRUYT,Groceries,118.99,debit,POS (Bancontact),N,2026-02,
T0299,C002,2026-02-24,APOTHEEK,Health & Pharmacy,38.88,debit,POS (Bancontact),N,2026-02,
T0300,C002,2026-02-24,BAKKER,Groceries,7.17,debit,POS (Bancontact),N,2026-02,
T0301,C002,2026-02-28,BESIX NV - LOON,Income - Salary,4271.1,credit,SEPA transfer,Y,2026-02,
T0302,C002,2026-03-03,OVERSCHRIJVING - S. CLAES,Income - Transfer,1100.0,credit,SEPA transfer,Y,2026-03,
T0303,C002,2026-03-04,KINDEROPVANG DE KLEINE ZON,Kids & Family,376.38,debit,SEPA transfer,Y,2026-03,
T0304,C002,2026-03-05,BAKKER,Groceries,14.72,debit,POS (Bancontact),N,2026-03,
T0305,C002,2026-03-05,BELFIUS - WOONKREDIET,Rent & Housing,1350.0,debit,Direct debit,Y,2026-03,
T0306,C002,2026-03-07,COLRUYT,Groceries,62.75,debit,POS (Bancontact),N,2026-03,
T0307,C002,2026-03-07,ENGIE ELECTRABEL VOORSCHOT,Utilities,285.0,debit,Direct debit,Y,2026-03,
T0308,C002,2026-03-08,PIDPA WATER,Utilities,48.0,debit,Direct debit,Y,2026-03,
T0309,C002,2026-03-09,BAKKER,Groceries,9.75,debit,POS (Bancontact),N,2026-03,
T0310,C002,2026-03-09,Q8 / TOTALENERGIES,Fuel,80.27,debit,POS (Bancontact),N,2026-03,
T0311,C002,2026-03-10,GROEIPAKKET - KIND EN GEZIN,Income - Benefits,172.4,credit,SEPA transfer,Y,2026-03,
T0312,C002,2026-03-11,BAKKER,Groceries,10.26,debit,POS (Bancontact),N,2026-03,
T0313,C002,2026-03-11,DREAMLAND,Kids & Family,20.23,debit,POS (Bancontact),N,2026-03,
T0314,C002,2026-03-11,TELENET,Telecom,119.9,debit,Direct debit,Y,2026-03,
T0315,C002,2026-03-12,COLRUYT,Groceries,132.26,debit,POS (Bancontact),N,2026-03,
T0316,C002,2026-03-12,COLRUYT,Groceries,92.12,debit,POS (Bancontact),N,2026-03,
T0317,C002,2026-03-12,VOETBALCLUB KSK - LIDGELD,Kids & Family,30.0,debit,Direct debit,Y,2026-03,
T0318,C002,2026-03-13,BASIC-FIT,Fitness,24.99,debit,Direct debit,Y,2026-03,
T0319,C002,2026-03-13,BOL.COM,Shopping - General,69.33,debit,Card online,N,2026-03,
T0320,C002,2026-03-14,APOTHEEK,Health & Pharmacy,24.55,debit,POS (Bancontact),N,2026-03,
T0321,C002,2026-03-14,DELHAIZE,Groceries,37.4,debit,POS (Bancontact),N,2026-03,
T0322,C002,2026-03-15,NETFLIX,Subscriptions,13.99,debit,Direct debit,Y,2026-03,
T0323,C002,2026-03-15,Q8 / TOTALENERGIES,Fuel,92.16,debit,POS (Bancontact),N,2026-03,
T0324,C002,2026-03-16,DISNEY PLUS,Subscriptions,11.99,debit,Direct debit,Y,2026-03,
T0325,C002,2026-03-18,JBC KIDS,Clothing,103.06,debit,POS (Bancontact),N,2026-03,
T0326,C002,2026-03-18,Q8 / TOTALENERGIES,Fuel,97.03,debit,POS (Bancontact),N,2026-03,
T0327,C002,2026-03-22,DELHAIZE,Groceries,67.85,debit,POS (Bancontact),N,2026-03,
T0328,C002,2026-03-22,JUST EAT,Food Delivery,60.42,debit,Card online,N,2026-03,
T0329,C002,2026-03-22,RESTAURANT,Dining Out,121.15,debit,POS (Bancontact),N,2026-03,
T0330,C002,2026-03-26,COLRUYT,Groceries,112.83,debit,POS (Bancontact),N,2026-03,
T0331,C002,2026-03-28,BAKKER,Groceries,13.11,debit,POS (Bancontact),N,2026-03,
T0332,C002,2026-03-28,BESIX NV - LOON,Income - Salary,4326.35,credit,SEPA transfer,Y,2026-03,
T0333,C002,2026-04-02,DELHAIZE,Groceries,69.22,debit,POS (Bancontact),N,2026-04,
T0334,C002,2026-04-03,OVERSCHRIJVING - S. CLAES,Income - Transfer,1100.0,credit,SEPA transfer,Y,2026-04,
T0335,C002,2026-04-04,KINDEROPVANG DE KLEINE ZON,Kids & Family,386.81,debit,SEPA transfer,Y,2026-04,
T0336,C002,2026-04-05,BELFIUS - WOONKREDIET,Rent & Housing,1350.0,debit,Direct debit,Y,2026-04,
T0337,C002,2026-04-07,ENGIE ELECTRABEL VOORSCHOT,Utilities,285.0,debit,Direct debit,Y,2026-04,
T0338,C002,2026-04-08,BRICO / GAMMA,Home & Garden,152.32,debit,POS (Bancontact),N,2026-04,
T0339,C002,2026-04-08,PIDPA WATER,Utilities,48.0,debit,Direct debit,Y,2026-04,
T0340,C002,2026-04-09,BAKKER,Groceries,11.23,debit,POS (Bancontact),N,2026-04,
T0341,C002,2026-04-09,BOL.COM,Shopping - General,85.43,debit,Card online,N,2026-04,
T0342,C002,2026-04-09,Q8 / TOTALENERGIES,Fuel,91.8,debit,POS (Bancontact),N,2026-04,
T0343,C002,2026-04-10,ENGIE ELECTRABEL AFREKENING,Utilities,412.0,debit,Direct debit,N,2026-04,annual_energy_settlement
T0344,C002,2026-04-10,GROEIPAKKET - KIND EN GEZIN,Income - Benefits,172.4,credit,SEPA transfer,Y,2026-04,
T0345,C002,2026-04-11,COLRUYT,Groceries,111.58,debit,POS (Bancontact),N,2026-04,
T0346,C002,2026-04-11,TELENET,Telecom,119.9,debit,Direct debit,Y,2026-04,
T0347,C002,2026-04-12,Q8 / TOTALENERGIES,Fuel,72.76,debit,POS (Bancontact),N,2026-04,
T0348,C002,2026-04-12,VOETBALCLUB KSK - LIDGELD,Kids & Family,30.0,debit,Direct debit,Y,2026-04,
T0349,C002,2026-04-13,BASIC-FIT,Fitness,24.99,debit,Direct debit,Y,2026-04,
T0350,C002,2026-04-15,NETFLIX,Subscriptions,13.99,debit,Direct debit,Y,2026-04,
T0351,C002,2026-04-16,DELHAIZE,Groceries,42.02,debit,POS (Bancontact),N,2026-04,
T0352,C002,2026-04-16,DISNEY PLUS,Subscriptions,11.99,debit,Direct debit,Y,2026-04,
T0353,C002,2026-04-18,JBC KIDS,Clothing,108.05,debit,POS (Bancontact),N,2026-04,
T0354,C002,2026-04-19,APOTHEEK,Health & Pharmacy,34.28,debit,POS (Bancontact),N,2026-04,
T0355,C002,2026-04-19,RESTAURANT,Dining Out,93.36,debit,POS (Bancontact),N,2026-04,
T0356,C002,2026-04-20,COLRUYT,Groceries,92.68,debit,POS (Bancontact),N,2026-04,
T0357,C002,2026-04-22,BAKKER,Groceries,19.63,debit,POS (Bancontact),N,2026-04,
T0358,C002,2026-04-22,JUST EAT,Food Delivery,40.12,debit,Card online,N,2026-04,
T0359,C002,2026-04-25,BAKKER,Groceries,9.35,debit,POS (Bancontact),N,2026-04,
T0360,C002,2026-04-25,COLRUYT,Groceries,137.24,debit,POS (Bancontact),N,2026-04,
T0361,C002,2026-04-28,BESIX NV - LOON,Income - Salary,4257.9,credit,SEPA transfer,Y,2026-04,
T0362,C002,2026-05-02,DELHAIZE,Groceries,61.83,debit,POS (Bancontact),N,2026-05,
T0363,C002,2026-05-03,DREAMLAND,Kids & Family,54.92,debit,POS (Bancontact),N,2026-05,
T0364,C002,2026-05-03,OVERSCHRIJVING - S. CLAES,Income - Transfer,1100.0,credit,SEPA transfer,Y,2026-05,
T0365,C002,2026-05-04,KINDEROPVANG DE KLEINE ZON,Kids & Family,386.55,debit,SEPA transfer,Y,2026-05,
T0366,C002,2026-05-05,BELFIUS - WOONKREDIET,Rent & Housing,1350.0,debit,Direct debit,Y,2026-05,
T0367,C002,2026-05-07,ENGIE ELECTRABEL VOORSCHOT,Utilities,285.0,debit,Direct debit,Y,2026-05,
T0368,C002,2026-05-08,COLRUYT,Groceries,158.67,debit,POS (Bancontact),N,2026-05,
T0369,C002,2026-05-08,PIDPA WATER,Utilities,48.0,debit,Direct debit,Y,2026-05,
T0370,C002,2026-05-09,BAKKER,Groceries,19.38,debit,POS (Bancontact),N,2026-05,
T0371,C002,2026-05-10,GROEIPAKKET - KIND EN GEZIN,Income - Benefits,172.4,credit,SEPA transfer,Y,2026-05,
T0372,C002,2026-05-10,JBC - COMMUNIEKLEDING,Clothing,280.0,debit,POS (Bancontact),N,2026-05,first_communion
T0373,C002,2026-05-10,JUST EAT,Food Delivery,64.43,debit,Card online,N,2026-05,
T0374,C002,2026-05-11,COLRUYT,Groceries,84.51,debit,POS (Bancontact),N,2026-05,
T0375,C002,2026-05-11,COLRUYT,Groceries,114.76,debit,POS (Bancontact),N,2026-05,
T0376,C002,2026-05-11,DELHAIZE,Groceries,74.53,debit,POS (Bancontact),N,2026-05,
T0377,C002,2026-05-11,TELENET,Telecom,119.9,debit,Direct debit,Y,2026-05,
T0378,C002,2026-05-12,Q8 / TOTALENERGIES,Fuel,79.58,debit,POS (Bancontact),N,2026-05,
T0379,C002,2026-05-12,VOETBALCLUB KSK - LIDGELD,Kids & Family,30.0,debit,Direct debit,Y,2026-05,
T0380,C002,2026-05-13,BASIC-FIT,Fitness,24.99,debit,Direct debit,Y,2026-05,
T0381,C002,2026-05-15,NETFLIX,Subscriptions,13.99,debit,Direct debit,Y,2026-05,
T0382,C002,2026-05-15,SLAGERIJ & CATERING,Groceries,620.0,debit,POS (Bancontact),N,2026-05,first_communion_party
T0383,C002,2026-05-16,BAKKER,Groceries,18.94,debit,POS (Bancontact),N,2026-05,
T0384,C002,2026-05-16,COLRUYT,Groceries,120.66,debit,POS (Bancontact),N,2026-05,
T0385,C002,2026-05-16,DISNEY PLUS,Subscriptions,11.99,debit,Direct debit,Y,2026-05,
T0386,C002,2026-05-17,BRICO / GAMMA,Home & Garden,117.08,debit,POS (Bancontact),N,2026-05,
T0387,C002,2026-05-17,FEESTZAAL DE LINDE,Kids & Family,1850.0,debit,SEPA transfer,N,2026-05,first_communion_party
T0388,C002,2026-05-17,RESTAURANT,Dining Out,107.67,debit,POS (Bancontact),N,2026-05,
T0389,C002,2026-05-18,BOL.COM,Shopping - General,79.76,debit,Card online,N,2026-05,
T0390,C002,2026-05-19,JBC KIDS,Clothing,40.15,debit,POS (Bancontact),N,2026-05,
T0391,C002,2026-05-20,JUST EAT,Food Delivery,37.72,debit,Card online,N,2026-05,
T0392,C002,2026-05-22,APOTHEEK,Health & Pharmacy,23.96,debit,POS (Bancontact),N,2026-05,
T0393,C002,2026-05-27,Q8 / TOTALENERGIES,Fuel,95.63,debit,POS (Bancontact),N,2026-05,
T0394,C002,2026-05-28,BESIX NV - LOON,Income - Salary,4260.83,credit,SEPA transfer,Y,2026-05,
T0395,C002,2026-06-03,OVERSCHRIJVING - S. CLAES,Income - Transfer,1100.0,credit,SEPA transfer,Y,2026-06,
T0396,C002,2026-06-04,COLRUYT,Groceries,151.43,debit,POS (Bancontact),N,2026-06,
T0397,C002,2026-06-04,KINDEROPVANG DE KLEINE ZON,Kids & Family,377.53,debit,SEPA transfer,Y,2026-06,
T0398,C002,2026-06-05,BAKKER,Groceries,14.94,debit,POS (Bancontact),N,2026-06,
T0399,C002,2026-06-05,BELFIUS - WOONKREDIET,Rent & Housing,1350.0,debit,Direct debit,Y,2026-06,
T0400,C002,2026-06-07,COLRUYT,Groceries,48.32,debit,POS (Bancontact),N,2026-06,
T0401,C002,2026-06-07,DELHAIZE,Groceries,71.46,debit,POS (Bancontact),N,2026-06,
T0402,C002,2026-06-07,ENGIE ELECTRABEL VOORSCHOT,Utilities,285.0,debit,Direct debit,Y,2026-06,
T0403,C002,2026-06-08,COLRUYT,Groceries,69.11,debit,POS (Bancontact),N,2026-06,
T0404,C002,2026-06-08,PIDPA WATER,Utilities,48.0,debit,Direct debit,Y,2026-06,
T0405,C002,2026-06-10,GROEIPAKKET - KIND EN GEZIN,Income - Benefits,172.4,credit,SEPA transfer,Y,2026-06,
T0406,C002,2026-06-11,TELENET,Telecom,119.9,debit,Direct debit,Y,2026-06,
T0407,C002,2026-06-12,VOETBALCLUB KSK - LIDGELD,Kids & Family,30.0,debit,Direct debit,Y,2026-06,
T0408,C002,2026-06-13,BASIC-FIT,Fitness,24.99,debit,Direct debit,Y,2026-06,
T0409,C002,2026-06-14,AG INSURANCE - AUTO,Insurance,620.0,debit,Direct debit,N,2026-06,annual_car_insurance
T0410,C002,2026-06-15,NETFLIX,Subscriptions,13.99,debit,Direct debit,Y,2026-06,
T0411,C002,2026-06-16,DISNEY PLUS,Subscriptions,11.99,debit,Direct debit,Y,2026-06,
T0412,C002,2026-06-17,DELHAIZE,Groceries,28.22,debit,POS (Bancontact),N,2026-06,
T0413,C002,2026-06-20,JBC KIDS,Clothing,87.37,debit,POS (Bancontact),N,2026-06,
T0414,C002,2026-06-20,Q8 / TOTALENERGIES,Fuel,95.42,debit,POS (Bancontact),N,2026-06,
T0415,C002,2026-06-21,Q8 / TOTALENERGIES,Fuel,83.72,debit,POS (Bancontact),N,2026-06,
T0416,C002,2026-06-26,APOTHEEK,Health & Pharmacy,22.07,debit,POS (Bancontact),N,2026-06,
T0417,C002,2026-06-26,RESTAURANT,Dining Out,113.33,debit,POS (Bancontact),N,2026-06,
T0418,C002,2026-06-27,BAKKER,Groceries,19.71,debit,POS (Bancontact),N,2026-06,
T0419,C002,2026-06-27,JUST EAT,Food Delivery,58.97,debit,Card online,N,2026-06,
T0420,C002,2026-06-28,BAKKER,Groceries,17.46,debit,POS (Bancontact),N,2026-06,
T0421,C002,2026-06-28,BESIX NV - LOON,Income - Salary,4271.99,credit,SEPA transfer,Y,2026-06,
T0422,C002,2026-06-28,COLRUYT,Groceries,105.72,debit,POS (Bancontact),N,2026-06,
T0423,C002,2026-06-28,COLRUYT,Groceries,89.03,debit,POS (Bancontact),N,2026-06,
T0424,C002,2026-07-01,Q8 / TOTALENERGIES,Fuel,72.04,debit,POS (Bancontact),N,2026-07,
T0425,C002,2026-07-02,BOOKING.COM,Travel - Lodging,3400.0,debit,Card online,N,2026-07,vacation_lodging
T0426,C002,2026-07-02,BRUSSELS AIRLINES,Travel - Airline,2640.0,debit,Card online,N,2026-07,vacation_flight
T0427,C002,2026-07-03,OVERSCHRIJVING - S. CLAES,Income - Transfer,1100.0,credit,SEPA transfer,Y,2026-07,
T0428,C002,2026-07-04,KINDEROPVANG DE KLEINE ZON,Kids & Family,399.26,debit,SEPA transfer,Y,2026-07,
T0429,C002,2026-07-05,BAKKER,Groceries,20.4,debit,POS (Bancontact),N,2026-07,
T0430,C002,2026-07-05,BELFIUS - WOONKREDIET,Rent & Housing,1350.0,debit,Direct debit,Y,2026-07,
T0431,C002,2026-07-05,COLRUYT,Groceries,97.59,debit,POS (Bancontact),N,2026-07,
T0432,C002,2026-07-05,COLRUYT,Groceries,92.6,debit,POS (Bancontact),N,2026-07,
T0433,C002,2026-07-06,COLRUYT,Groceries,124.69,debit,POS (Bancontact),N,2026-07,
T0434,C002,2026-07-07,ENGIE ELECTRABEL VOORSCHOT,Utilities,285.0,debit,Direct debit,Y,2026-07,
T0435,C002,2026-07-08,PIDPA WATER,Utilities,48.0,debit,Direct debit,Y,2026-07,
T0436,C002,2026-07-10,DELHAIZE,Groceries,34.36,debit,POS (Bancontact),N,2026-07,
T0437,C002,2026-07-10,GROEIPAKKET - KIND EN GEZIN,Income - Benefits,172.4,credit,SEPA transfer,Y,2026-07,
T0438,C002,2026-07-11,TELENET,Telecom,119.9,debit,Direct debit,Y,2026-07,
T0439,C002,2026-07-12,VOETBALCLUB KSK - LIDGELD,Kids & Family,30.0,debit,Direct debit,Y,2026-07,
T0440,C002,2026-07-13,BASIC-FIT,Fitness,24.99,debit,Direct debit,Y,2026-07,
T0441,C002,2026-07-14,JUST EAT,Food Delivery,54.9,debit,Card online,N,2026-07,
T0442,C002,2026-07-15,NETFLIX,Subscriptions,13.99,debit,Direct debit,Y,2026-07,
T0443,C002,2026-07-16,APOTHEEK,Health & Pharmacy,18.0,debit,POS (Bancontact),N,2026-07,
T0444,C002,2026-07-16,DISNEY PLUS,Subscriptions,11.99,debit,Direct debit,Y,2026-07,
T0445,C002,2026-07-17,Q8 / TOTALENERGIES,Fuel,71.41,debit,POS (Bancontact),N,2026-07,
T0446,C002,2026-07-18,BAKKER,Groceries,7.47,debit,POS (Bancontact),N,2026-07,
T0447,C002,2026-07-18,DELHAIZE,Groceries,82.23,debit,POS (Bancontact),N,2026-07,
T0448,C002,2026-07-22,BAKKER,Groceries,17.95,debit,POS (Bancontact),N,2026-07,
T0449,C002,2026-07-22,SIXT RENT A CAR,Transport,540.0,debit,POS (Bancontact),N,2026-07,vacation_car_rental
T0450,C002,2026-07-25,BRICO / GAMMA,Home & Garden,28.79,debit,POS (Bancontact),N,2026-07,
T0451,C002,2026-07-25,COLRUYT,Groceries,66.35,debit,POS (Bancontact),N,2026-07,
T0452,C002,2026-07-27,RESTAURANT,Dining Out,73.65,debit,POS (Bancontact),N,2026-07,
T0453,C002,2026-07-28,BESIX NV - LOON,Income - Salary,4268.97,credit,SEPA transfer,Y,2026-07,
T0454,C002,2026-07-28,BOL.COM,Shopping - General,46.65,debit,Card online,N,2026-07,
T0455,C002,2026-07-28,JBC KIDS,Clothing,101.94,debit,POS (Bancontact),N,2026-07,
T0456,C002,2026-07-28,JUST EAT,Food Delivery,59.49,debit,Card online,N,2026-07,
T0457,C002,2026-08-03,COLRUYT,Groceries,146.05,debit,POS (Bancontact),N,2026-08,
T0458,C002,2026-08-03,DELHAIZE,Groceries,43.01,debit,POS (Bancontact),N,2026-08,
T0459,C002,2026-08-03,OVERSCHRIJVING - S. CLAES,Income - Transfer,1100.0,credit,SEPA transfer,Y,2026-08,
T0460,C002,2026-08-04,KINDEROPVANG DE KLEINE ZON,Kids & Family,395.97,debit,SEPA transfer,Y,2026-08,
T0461,C002,2026-08-05,BELFIUS - WOONKREDIET,Rent & Housing,1350.0,debit,Direct debit,Y,2026-08,
T0462,C002,2026-08-05,JUST EAT,Food Delivery,38.22,debit,Card online,N,2026-08,
T0463,C002,2026-08-05,Q8 / TOTALENERGIES,Fuel,92.69,debit,POS (Bancontact),N,2026-08,
T0464,C002,2026-08-06,BAKKER,Groceries,9.26,debit,POS (Bancontact),N,2026-08,
T0465,C002,2026-08-07,DELHAIZE,Groceries,27.53,debit,POS (Bancontact),N,2026-08,
T0466,C002,2026-08-07,ENGIE ELECTRABEL VOORSCHOT,Utilities,285.0,debit,Direct debit,Y,2026-08,
T0467,C002,2026-08-08,PIDPA WATER,Utilities,48.0,debit,Direct debit,Y,2026-08,
T0468,C002,2026-08-08,RESTAURANT,Dining Out,137.57,debit,POS (Bancontact),N,2026-08,
T0469,C002,2026-08-10,COLRUYT,Groceries,117.37,debit,POS (Bancontact),N,2026-08,
T0470,C002,2026-08-10,GROEIPAKKET - KIND EN GEZIN,Income - Benefits,172.4,credit,SEPA transfer,Y,2026-08,
T0471,C002,2026-08-11,TELENET,Telecom,119.9,debit,Direct debit,Y,2026-08,
T0472,C002,2026-08-12,JBC KIDS,Clothing,72.84,debit,POS (Bancontact),N,2026-08,
T0473,C002,2026-08-12,VOETBALCLUB KSK - LIDGELD,Kids & Family,30.0,debit,Direct debit,Y,2026-08,
T0474,C002,2026-08-13,BASIC-FIT,Fitness,24.99,debit,Direct debit,Y,2026-08,
T0475,C002,2026-08-14,BAKKER,Groceries,9.03,debit,POS (Bancontact),N,2026-08,
T0476,C002,2026-08-14,Q8 / TOTALENERGIES,Fuel,71.07,debit,POS (Bancontact),N,2026-08,
T0477,C002,2026-08-15,COLRUYT,Groceries,152.54,debit,POS (Bancontact),N,2026-08,
T0478,C002,2026-08-15,DREAMLAND,Kids & Family,63.77,debit,POS (Bancontact),N,2026-08,
T0479,C002,2026-08-15,NETFLIX,Subscriptions,13.99,debit,Direct debit,Y,2026-08,
T0480,C002,2026-08-16,DISNEY PLUS,Subscriptions,11.99,debit,Direct debit,Y,2026-08,
T0481,C002,2026-08-18,COLRUYT,Groceries,114.76,debit,POS (Bancontact),N,2026-08,
T0482,C002,2026-08-18,FOD FINANCIEN - PERSONENBELASTING,Taxes & Fees,1180.0,debit,SEPA transfer,N,2026-08,annual_tax_balance
T0483,C002,2026-08-20,APOTHEEK,Health & Pharmacy,37.75,debit,POS (Bancontact),N,2026-08,
T0484,C002,2026-08-21,Q8 / TOTALENERGIES,Fuel,97.63,debit,POS (Bancontact),N,2026-08,
T0485,C002,2026-08-23,BAKKER,Groceries,8.53,debit,POS (Bancontact),N,2026-08,
T0486,C002,2026-08-23,BOL.COM,Shopping - General,65.25,debit,Card online,N,2026-08,
T0487,C002,2026-08-28,BESIX NV - LOON,Income - Salary,4293.39,credit,SEPA transfer,Y,2026-08,
T0488,C002,2026-08-28,STANDAARD BOEKHANDEL,Education,420.0,debit,POS (Bancontact),N,2026-08,back_to_school
T0489,C002,2026-08-30,SCHOOLREKENING GEMEENTESCHOOL,Education,185.0,debit,SEPA transfer,N,2026-08,back_to_school
T0490,C002,2026-09-02,DREAMLAND,Kids & Family,56.19,debit,POS (Bancontact),N,2026-09,
T0491,C002,2026-09-03,DELHAIZE,Groceries,58.36,debit,POS (Bancontact),N,2026-09,
T0492,C002,2026-09-03,DELHAIZE,Groceries,54.3,debit,POS (Bancontact),N,2026-09,
T0493,C002,2026-09-03,OVERSCHRIJVING - S. CLAES,Income - Transfer,1100.0,credit,SEPA transfer,Y,2026-09,
T0494,C002,2026-09-04,BAKKER,Groceries,12.18,debit,POS (Bancontact),N,2026-09,
T0495,C002,2026-09-04,COLRUYT,Groceries,138.56,debit,POS (Bancontact),N,2026-09,
T0496,C002,2026-09-04,KINDEROPVANG DE KLEINE ZON,Kids & Family,377.45,debit,SEPA transfer,Y,2026-09,
T0497,C002,2026-09-05,BELFIUS - WOONKREDIET,Rent & Housing,1350.0,debit,Direct debit,Y,2026-09,
T0498,C002,2026-09-05,Q8 / TOTALENERGIES,Fuel,101.44,debit,POS (Bancontact),N,2026-09,
T0499,C002,2026-09-05,Q8 / TOTALENERGIES,Fuel,70.93,debit,POS (Bancontact),N,2026-09,
T0500,C002,2026-09-06,JBC KIDS,Clothing,85.8,debit,POS (Bancontact),N,2026-09,
T0501,C002,2026-09-07,ENGIE ELECTRABEL VOORSCHOT,Utilities,285.0,debit,Direct debit,Y,2026-09,
T0502,C002,2026-09-08,PIDPA WATER,Utilities,48.0,debit,Direct debit,Y,2026-09,
T0503,C002,2026-09-08,RESTAURANT,Dining Out,85.78,debit,POS (Bancontact),N,2026-09,
T0504,C002,2026-09-10,GROEIPAKKET - KIND EN GEZIN,Income - Benefits,172.4,credit,SEPA transfer,Y,2026-09,
T0505,C002,2026-09-11,TELENET,Telecom,119.9,debit,Direct debit,Y,2026-09,
T0506,C002,2026-09-12,VOETBALCLUB KSK - LIDGELD,Kids & Family,30.0,debit,Direct debit,Y,2026-09,
T0507,C002,2026-09-13,BASIC-FIT,Fitness,24.99,debit,Direct debit,Y,2026-09,
T0508,C002,2026-09-15,BAKKER,Groceries,15.81,debit,POS (Bancontact),N,2026-09,
T0509,C002,2026-09-15,COLRUYT,Groceries,98.88,debit,POS (Bancontact),N,2026-09,
T0510,C002,2026-09-15,NETFLIX,Subscriptions,13.99,debit,Direct debit,Y,2026-09,
T0511,C002,2026-09-16,DISNEY PLUS,Subscriptions,11.99,debit,Direct debit,Y,2026-09,
T0512,C002,2026-09-17,COLRUYT,Groceries,139.41,debit,POS (Bancontact),N,2026-09,
T0513,C002,2026-09-18,COLRUYT,Groceries,139.98,debit,POS (Bancontact),N,2026-09,
T0514,C002,2026-09-20,BRICO / GAMMA,Home & Garden,95.31,debit,POS (Bancontact),N,2026-09,
T0515,C002,2026-09-21,BAKKER,Groceries,18.8,debit,POS (Bancontact),N,2026-09,
T0516,C002,2026-09-23,APOTHEEK,Health & Pharmacy,19.4,debit,POS (Bancontact),N,2026-09,
T0517,C002,2026-09-23,JUST EAT,Food Delivery,39.6,debit,Card online,N,2026-09,
T0518,C002,2026-09-28,BESIX NV - LOON,Income - Salary,4285.06,credit,SEPA transfer,Y,2026-09,
T0519,C002,2026-09-28,BOL.COM,Shopping - General,78.63,debit,Card online,N,2026-09,
T0520,C002,2026-09-28,JUST EAT,Food Delivery,62.15,debit,Card online,N,2026-09,
T0521,C003,2026-01-01,APOTHEEK,Health & Pharmacy,26.38,debit,POS (Bancontact),N,2026-01,
T0522,C003,2026-01-01,RIJKSDIENST VOOR PENSIOENEN - OVERLEVINGSPENSIOEN,Income - Pension,980.0,credit,SEPA transfer,Y,2026-01,
T0523,C003,2026-01-01,RIJKSDIENST VOOR PENSIOENEN - RUSTPENSIOEN,Income - Pension,1420.0,credit,SEPA transfer,Y,2026-01,
T0524,C003,2026-01-02,BAKKER,Groceries,10.82,debit,POS (Bancontact),N,2026-01,
T0525,C003,2026-01-03,SODEXO DIENSTENCHEQUES,Personal Care,90.0,debit,SEPA transfer,Y,2026-01,
T0526,C003,2026-01-06,DELHAIZE,Groceries,38.61,debit,POS (Bancontact),N,2026-01,
T0527,C003,2026-01-07,BAKKER,Groceries,9.23,debit,POS (Bancontact),N,2026-01,
T0528,C003,2026-01-07,ENGIE ELECTRABEL VOORSCHOT,Utilities,190.0,debit,Direct debit,Y,2026-01,
T0529,C003,2026-01-08,FARYS WATER,Utilities,38.0,debit,Direct debit,Y,2026-01,
T0530,C003,2026-01-09,CM ZIEKENFONDS,Health & Pharmacy,9.8,debit,Direct debit,Y,2026-01,
T0531,C003,2026-01-11,TELENET,Telecom,62.0,debit,Direct debit,Y,2026-01,
T0532,C003,2026-01-12,KAPPER,Personal Care,49.76,debit,POS (Bancontact),N,2026-01,
T0533,C003,2026-01-13,BANKAUTOMAAT OPNAME,Cash Withdrawal,130.78,debit,ATM,N,2026-01,
T0534,C003,2026-01-13,COLRUYT,Groceries,61.56,debit,POS (Bancontact),N,2026-01,
T0535,C003,2026-01-16,DELHAIZE,Groceries,29.71,debit,POS (Bancontact),N,2026-01,
T0536,C003,2026-01-17,SLAGERIJ,Groceries,22.16,debit,POS (Bancontact),N,2026-01,
T0537,C003,2026-01-18,BANKAUTOMAAT OPNAME,Cash Withdrawal,67.01,debit,ATM,N,2026-01,
T0538,C003,2026-01-25,DELHAIZE,Groceries,23.34,debit,POS (Bancontact),N,2026-01,
T0539,C003,2026-01-26,BAKKER,Groceries,6.54,debit,POS (Bancontact),N,2026-01,
T0540,C003,2026-01-28,APOTHEEK,Health & Pharmacy,46.23,debit,POS (Bancontact),N,2026-01,
T0541,C003,2026-01-28,APOTHEEK,Health & Pharmacy,35.04,debit,POS (Bancontact),N,2026-01,
T0542,C003,2026-02-01,DELHAIZE,Groceries,29.48,debit,POS (Bancontact),N,2026-02,
T0543,C003,2026-02-01,RIJKSDIENST VOOR PENSIOENEN - OVERLEVINGSPENSIOEN,Income - Pension,980.0,credit,SEPA transfer,Y,2026-02,
T0544,C003,2026-02-01,RIJKSDIENST VOOR PENSIOENEN - RUSTPENSIOEN,Income - Pension,1420.0,credit,SEPA transfer,Y,2026-02,
T0545,C003,2026-02-02,APOTHEEK,Health & Pharmacy,57.76,debit,POS (Bancontact),N,2026-02,
T0546,C003,2026-02-02,BAKKER,Groceries,7.4,debit,POS (Bancontact),N,2026-02,
T0547,C003,2026-02-02,DELHAIZE,Groceries,30.35,debit,POS (Bancontact),N,2026-02,
T0548,C003,2026-02-03,BANKAUTOMAAT OPNAME,Cash Withdrawal,66.83,debit,ATM,N,2026-02,
T0549,C003,2026-02-03,SODEXO DIENSTENCHEQUES,Personal Care,90.0,debit,SEPA transfer,Y,2026-02,
T0550,C003,2026-02-07,ENGIE ELECTRABEL VOORSCHOT,Utilities,190.0,debit,Direct debit,Y,2026-02,
T0551,C003,2026-02-07,OVERSCHRIJVING - K. DE WIT,Transfers Out,50.73,debit,SEPA transfer,N,2026-02,
T0552,C003,2026-02-08,FARYS WATER,Utilities,38.0,debit,Direct debit,Y,2026-02,
T0553,C003,2026-02-09,CM ZIEKENFONDS,Health & Pharmacy,9.8,debit,Direct debit,Y,2026-02,
T0554,C003,2026-02-11,TELENET,Telecom,62.0,debit,Direct debit,Y,2026-02,
T0555,C003,2026-02-12,COLRUYT,Groceries,39.65,debit,POS (Bancontact),N,2026-02,
T0556,C003,2026-02-12,SLAGERIJ,Groceries,38.96,debit,POS (Bancontact),N,2026-02,
T0557,C003,2026-02-17,APOTHEEK,Health & Pharmacy,40.78,debit,POS (Bancontact),N,2026-02,
T0558,C003,2026-02-18,SLAGERIJ,Groceries,31.34,debit,POS (Bancontact),N,2026-02,
T0559,C003,2026-02-23,APOTHEEK,Health & Pharmacy,32.28,debit,POS (Bancontact),N,2026-02,
T0560,C003,2026-02-23,BAKKER,Groceries,11.19,debit,POS (Bancontact),N,2026-02,
T0561,C003,2026-02-26,DELHAIZE,Groceries,25.94,debit,POS (Bancontact),N,2026-02,
T0562,C003,2026-02-27,BAKKER,Groceries,11.94,debit,POS (Bancontact),N,2026-02,
T0563,C003,2026-02-28,APOTHEEK,Health & Pharmacy,58.31,debit,POS (Bancontact),N,2026-02,
T0564,C003,2026-03-01,RIJKSDIENST VOOR PENSIOENEN - OVERLEVINGSPENSIOEN,Income - Pension,980.0,credit,SEPA transfer,Y,2026-03,
T0565,C003,2026-03-01,RIJKSDIENST VOOR PENSIOENEN - RUSTPENSIOEN,Income - Pension,1420.0,credit,SEPA transfer,Y,2026-03,
T0566,C003,2026-03-03,BAKKER,Groceries,7.67,debit,POS (Bancontact),N,2026-03,
T0567,C003,2026-03-03,SODEXO DIENSTENCHEQUES,Personal Care,90.0,debit,SEPA transfer,Y,2026-03,
T0568,C003,2026-03-07,APOTHEEK,Health & Pharmacy,34.25,debit,POS (Bancontact),N,2026-03,
T0569,C003,2026-03-07,ENGIE ELECTRABEL VOORSCHOT,Utilities,190.0,debit,Direct debit,Y,2026-03,
T0570,C003,2026-03-08,APOTHEEK,Health & Pharmacy,16.56,debit,POS (Bancontact),N,2026-03,
T0571,C003,2026-03-08,FARYS WATER,Utilities,38.0,debit,Direct debit,Y,2026-03,
T0572,C003,2026-03-09,CM ZIEKENFONDS,Health & Pharmacy,9.8,debit,Direct debit,Y,2026-03,
T0573,C003,2026-03-09,DELHAIZE,Groceries,21.35,debit,POS (Bancontact),N,2026-03,
T0574,C003,2026-03-09,HUISARTS,Health & Pharmacy,59.42,debit,POS (Bancontact),N,2026-03,
T0575,C003,2026-03-11,TELENET,Telecom,62.0,debit,Direct debit,Y,2026-03,
T0576,C003,2026-03-13,SLAGERIJ,Groceries,28.45,debit,POS (Bancontact),N,2026-03,
T0577,C003,2026-03-15,KAPPER,Personal Care,30.5,debit,POS (Bancontact),N,2026-03,
T0578,C003,2026-03-16,BAKKER,Groceries,14.02,debit,POS (Bancontact),N,2026-03,
T0579,C003,2026-03-18,BAKKER,Groceries,8.87,debit,POS (Bancontact),N,2026-03,
T0580,C003,2026-03-18,BAKKER,Groceries,9.32,debit,POS (Bancontact),N,2026-03,
T0581,C003,2026-03-19,BANKAUTOMAAT OPNAME,Cash Withdrawal,136.27,debit,ATM,N,2026-03,
T0582,C003,2026-03-20,APOTHEEK,Health & Pharmacy,17.28,debit,POS (Bancontact),N,2026-03,
T0583,C003,2026-03-21,COLRUYT,Groceries,63.42,debit,POS (Bancontact),N,2026-03,
T0584,C003,2026-03-23,DELHAIZE,Groceries,52.2,debit,POS (Bancontact),N,2026-03,
T0585,C003,2026-03-24,BANKAUTOMAAT OPNAME,Cash Withdrawal,125.29,debit,ATM,N,2026-03,
T0586,C003,2026-04-01,KAPPER,Personal Care,37.25,debit,POS (Bancontact),N,2026-04,
T0587,C003,2026-04-01,RIJKSDIENST VOOR PENSIOENEN - OVERLEVINGSPENSIOEN,Income - Pension,980.0,credit,SEPA transfer,Y,2026-04,
T0588,C003,2026-04-01,RIJKSDIENST VOOR PENSIOENEN - RUSTPENSIOEN,Income - Pension,1420.0,credit,SEPA transfer,Y,2026-04,
T0589,C003,2026-04-03,BAKKER,Groceries,13.17,debit,POS (Bancontact),N,2026-04,
T0590,C003,2026-04-03,SODEXO DIENSTENCHEQUES,Personal Care,90.0,debit,SEPA transfer,Y,2026-04,
T0591,C003,2026-04-04,BANKAUTOMAAT OPNAME,Cash Withdrawal,74.27,debit,ATM,N,2026-04,
T0592,C003,2026-04-04,SLAGERIJ,Groceries,23.81,debit,POS (Bancontact),N,2026-04,
T0593,C003,2026-04-04,TUINCENTRUM,Home & Garden,15.24,debit,POS (Bancontact),N,2026-04,
T0594,C003,2026-04-06,OVERSCHRIJVING - K. DE WIT,Transfers Out,110.73,debit,SEPA transfer,N,2026-04,
T0595,C003,2026-04-07,ENGIE ELECTRABEL VOORSCHOT,Utilities,190.0,debit,Direct debit,Y,2026-04,
T0596,C003,2026-04-08,FARYS WATER,Utilities,38.0,debit,Direct debit,Y,2026-04,
T0597,C003,2026-04-09,CM ZIEKENFONDS,Health & Pharmacy,9.8,debit,Direct debit,Y,2026-04,
T0598,C003,2026-04-10,APOTHEEK,Health & Pharmacy,38.92,debit,POS (Bancontact),N,2026-04,
T0599,C003,2026-04-11,TELENET,Telecom,62.0,debit,Direct debit,Y,2026-04,
T0600,C003,2026-04-14,AMPLIFON,Health & Pharmacy,1850.0,debit,POS (Bancontact),N,2026-04,major_hearing_aids
T0601,C003,2026-04-16,BAKKER,Groceries,11.92,debit,POS (Bancontact),N,2026-04,
T0602,C003,2026-04-16,DELHAIZE,Groceries,43.86,debit,POS (Bancontact),N,2026-04,
T0603,C003,2026-04-17,BAKKER,Groceries,15.37,debit,POS (Bancontact),N,2026-04,
T0604,C003,2026-04-19,APOTHEEK,Health & Pharmacy,43.37,debit,POS (Bancontact),N,2026-04,
T0605,C003,2026-04-19,APOTHEEK,Health & Pharmacy,17.34,debit,POS (Bancontact),N,2026-04,
T0606,C003,2026-04-19,BAKKER,Groceries,5.23,debit,POS (Bancontact),N,2026-04,
T0607,C003,2026-04-22,BAKKER,Groceries,11.23,debit,POS (Bancontact),N,2026-04,
T0608,C003,2026-04-23,BANKAUTOMAAT OPNAME,Cash Withdrawal,95.82,debit,ATM,N,2026-04,
T0609,C003,2026-04-23,DELHAIZE,Groceries,25.0,debit,POS (Bancontact),N,2026-04,
T0610,C003,2026-04-26,DELHAIZE,Groceries,33.15,debit,POS (Bancontact),N,2026-04,
T0611,C003,2026-04-27,COLRUYT,Groceries,55.87,debit,POS (Bancontact),N,2026-04,
T0612,C003,2026-05-01,RIJKSDIENST VOOR PENSIOENEN - OVERLEVINGSPENSIOEN,Income - Pension,980.0,credit,SEPA transfer,Y,2026-05,
T0613,C003,2026-05-01,RIJKSDIENST VOOR PENSIOENEN - RUSTPENSIOEN,Income - Pension,1420.0,credit,SEPA transfer,Y,2026-05,
T0614,C003,2026-05-03,SODEXO DIENSTENCHEQUES,Personal Care,90.0,debit,SEPA transfer,Y,2026-05,
T0615,C003,2026-05-04,BAKKER,Groceries,7.5,debit,POS (Bancontact),N,2026-05,
T0616,C003,2026-05-04,TUINCENTRUM,Home & Garden,23.03,debit,POS (Bancontact),N,2026-05,
T0617,C003,2026-05-07,BANKAUTOMAAT OPNAME,Cash Withdrawal,148.89,debit,ATM,N,2026-05,
T0618,C003,2026-05-07,ENGIE ELECTRABEL VOORSCHOT,Utilities,190.0,debit,Direct debit,Y,2026-05,
T0619,C003,2026-05-08,FARYS WATER,Utilities,38.0,debit,Direct debit,Y,2026-05,
T0620,C003,2026-05-09,APOTHEEK,Health & Pharmacy,30.82,debit,POS (Bancontact),N,2026-05,
T0621,C003,2026-05-09,CM ZIEKENFONDS,Health & Pharmacy,9.8,debit,Direct debit,Y,2026-05,
T0622,C003,2026-05-11,KAPPER,Personal Care,50.09,debit,POS (Bancontact),N,2026-05,
T0623,C003,2026-05-11,TELENET,Telecom,62.0,debit,Direct debit,Y,2026-05,
T0624,C003,2026-05-12,DAVINA REIZEN,Travel - Lodging,420.0,debit,SEPA transfer,N,2026-05,senior_group_trip
T0625,C003,2026-05-14,DELHAIZE,Groceries,62.19,debit,POS (Bancontact),N,2026-05,
T0626,C003,2026-05-15,APOTHEEK,Health & Pharmacy,45.85,debit,POS (Bancontact),N,2026-05,
T0627,C003,2026-05-15,BAKKER,Groceries,11.46,debit,POS (Bancontact),N,2026-05,
T0628,C003,2026-05-17,DELHAIZE,Groceries,32.62,debit,POS (Bancontact),N,2026-05,
T0629,C003,2026-05-17,OVERSCHRIJVING - J. DE WIT,Gifts,150.0,debit,SEPA transfer,N,2026-05,grandchild_communion_gift
T0630,C003,2026-05-18,BANKAUTOMAAT OPNAME,Cash Withdrawal,53.06,debit,ATM,N,2026-05,
T0631,C003,2026-05-20,COLRUYT,Groceries,51.25,debit,POS (Bancontact),N,2026-05,
T0632,C003,2026-05-20,HUISARTS,Health & Pharmacy,39.37,debit,POS (Bancontact),N,2026-05,
T0633,C003,2026-05-21,BAKKER,Groceries,11.88,debit,POS (Bancontact),N,2026-05,
T0634,C003,2026-05-23,DREAMLAND,Gifts,34.94,debit,POS (Bancontact),N,2026-05,
T0635,C003,2026-05-25,OVERSCHRIJVING - K. DE WIT,Transfers Out,149.52,debit,SEPA transfer,N,2026-05,
T0636,C003,2026-05-26,SLAGERIJ,Groceries,15.77,debit,POS (Bancontact),N,2026-05,
T0637,C003,2026-05-27,APOTHEEK,Health & Pharmacy,23.46,debit,POS (Bancontact),N,2026-05,
T0638,C003,2026-06-01,RIJKSDIENST VOOR PENSIOENEN - OVERLEVINGSPENSIOEN,Income - Pension,980.0,credit,SEPA transfer,Y,2026-06,
T0639,C003,2026-06-01,RIJKSDIENST VOOR PENSIOENEN - RUSTPENSIOEN,Income - Pension,1420.0,credit,SEPA transfer,Y,2026-06,
T0640,C003,2026-06-02,HUISARTS,Health & Pharmacy,52.99,debit,POS (Bancontact),N,2026-06,
T0641,C003,2026-06-03,SODEXO DIENSTENCHEQUES,Personal Care,90.0,debit,SEPA transfer,Y,2026-06,
T0642,C003,2026-06-05,APOTHEEK,Health & Pharmacy,31.13,debit,POS (Bancontact),N,2026-06,
T0643,C003,2026-06-06,SLAGERIJ,Groceries,36.04,debit,POS (Bancontact),N,2026-06,
T0644,C003,2026-06-07,ENGIE ELECTRABEL VOORSCHOT,Utilities,190.0,debit,Direct debit,Y,2026-06,
T0645,C003,2026-06-08,FARYS WATER,Utilities,38.0,debit,Direct debit,Y,2026-06,
T0646,C003,2026-06-09,BAKKER,Groceries,8.82,debit,POS (Bancontact),N,2026-06,
T0647,C003,2026-06-09,CM ZIEKENFONDS,Health & Pharmacy,9.8,debit,Direct debit,Y,2026-06,
T0648,C003,2026-06-11,DELHAIZE,Groceries,48.29,debit,POS (Bancontact),N,2026-06,
T0649,C003,2026-06-11,TELENET,Telecom,62.0,debit,Direct debit,Y,2026-06,
T0650,C003,2026-06-13,APOTHEEK,Health & Pharmacy,41.09,debit,POS (Bancontact),N,2026-06,
T0651,C003,2026-06-13,DELHAIZE,Groceries,27.76,debit,POS (Bancontact),N,2026-06,
T0652,C003,2026-06-15,BAKKER,Groceries,7.67,debit,POS (Bancontact),N,2026-06,
T0653,C003,2026-06-17,BAKKER,Groceries,8.32,debit,POS (Bancontact),N,2026-06,
T0654,C003,2026-06-18,BANKAUTOMAAT OPNAME,Cash Withdrawal,138.18,debit,ATM,N,2026-06,
T0655,C003,2026-06-18,COLRUYT,Groceries,64.6,debit,POS (Bancontact),N,2026-06,
T0656,C003,2026-06-18,KAPPER,Personal Care,36.04,debit,POS (Bancontact),N,2026-06,
T0657,C003,2026-06-22,APOTHEEK,Health & Pharmacy,11.08,debit,POS (Bancontact),N,2026-06,
T0658,C003,2026-06-23,BANKAUTOMAAT OPNAME,Cash Withdrawal,112.94,debit,ATM,N,2026-06,
T0659,C003,2026-06-24,BAKKER,Groceries,11.83,debit,POS (Bancontact),N,2026-06,
T0660,C003,2026-07-01,APOTHEEK,Health & Pharmacy,36.36,debit,POS (Bancontact),N,2026-07,
T0661,C003,2026-07-01,BAKKER,Groceries,6.18,debit,POS (Bancontact),N,2026-07,
T0662,C003,2026-07-01,RIJKSDIENST VOOR PENSIOENEN - OVERLEVINGSPENSIOEN,Income - Pension,980.0,credit,SEPA transfer,Y,2026-07,
T0663,C003,2026-07-01,RIJKSDIENST VOOR PENSIOENEN - RUSTPENSIOEN,Income - Pension,1420.0,credit,SEPA transfer,Y,2026-07,
T0664,C003,2026-07-03,DREAMLAND,Gifts,37.85,debit,POS (Bancontact),N,2026-07,
T0665,C003,2026-07-03,SODEXO DIENSTENCHEQUES,Personal Care,90.0,debit,SEPA transfer,Y,2026-07,
T0666,C003,2026-07-07,ENGIE ELECTRABEL VOORSCHOT,Utilities,190.0,debit,Direct debit,Y,2026-07,
T0667,C003,2026-07-08,BAKKER,Groceries,11.15,debit,POS (Bancontact),N,2026-07,
T0668,C003,2026-07-08,DELHAIZE,Groceries,18.63,debit,POS (Bancontact),N,2026-07,
T0669,C003,2026-07-08,FARYS WATER,Utilities,38.0,debit,Direct debit,Y,2026-07,
T0670,C003,2026-07-08,FOD FINANCIEN - ONROEREND VOORHEFFING,Taxes & Fees,1150.0,debit,SEPA transfer,N,2026-07,annual_property_tax
T0671,C003,2026-07-09,CM ZIEKENFONDS,Health & Pharmacy,9.8,debit,Direct debit,Y,2026-07,
T0672,C003,2026-07-10,OVERSCHRIJVING - K. DE WIT,Transfers Out,139.75,debit,SEPA transfer,N,2026-07,
T0673,C003,2026-07-11,TELENET,Telecom,62.0,debit,Direct debit,Y,2026-07,
T0674,C003,2026-07-13,BAKKER,Groceries,8.92,debit,POS (Bancontact),N,2026-07,
T0675,C003,2026-07-13,COLRUYT,Groceries,69.25,debit,POS (Bancontact),N,2026-07,
T0676,C003,2026-07-13,KAPPER,Personal Care,31.32,debit,POS (Bancontact),N,2026-07,
T0677,C003,2026-07-15,TUINCENTRUM,Home & Garden,42.11,debit,POS (Bancontact),N,2026-07,
T0678,C003,2026-07-16,SLAGERIJ,Groceries,30.06,debit,POS (Bancontact),N,2026-07,
T0679,C003,2026-07-17,APOTHEEK,Health & Pharmacy,17.85,debit,POS (Bancontact),N,2026-07,
T0680,C003,2026-07-20,DELHAIZE,Groceries,41.78,debit,POS (Bancontact),N,2026-07,
T0681,C003,2026-07-21,BANKAUTOMAAT OPNAME,Cash Withdrawal,101.59,debit,ATM,N,2026-07,
T0682,C003,2026-07-21,BANKAUTOMAAT OPNAME,Cash Withdrawal,59.85,debit,ATM,N,2026-07,
T0683,C003,2026-07-24,BAKKER,Groceries,14.52,debit,POS (Bancontact),N,2026-07,
T0684,C003,2026-07-25,DELHAIZE,Groceries,36.31,debit,POS (Bancontact),N,2026-07,
T0685,C003,2026-07-27,APOTHEEK,Health & Pharmacy,16.18,debit,POS (Bancontact),N,2026-07,
T0686,C003,2026-07-27,DELHAIZE,Groceries,64.53,debit,POS (Bancontact),N,2026-07,
T0687,C003,2026-07-28,BAKKER,Groceries,15.4,debit,POS (Bancontact),N,2026-07,
T0688,C003,2026-08-01,APOTHEEK,Health & Pharmacy,43.66,debit,POS (Bancontact),N,2026-08,
T0689,C003,2026-08-01,RIJKSDIENST VOOR PENSIOENEN - OVERLEVINGSPENSIOEN,Income - Pension,980.0,credit,SEPA transfer,Y,2026-08,
T0690,C003,2026-08-01,RIJKSDIENST VOOR PENSIOENEN - RUSTPENSIOEN,Income - Pension,1420.0,credit,SEPA transfer,Y,2026-08,
T0691,C003,2026-08-03,BAKKER,Groceries,8.81,debit,POS (Bancontact),N,2026-08,
T0692,C003,2026-08-03,SODEXO DIENSTENCHEQUES,Personal Care,90.0,debit,SEPA transfer,Y,2026-08,
T0693,C003,2026-08-04,DELHAIZE,Groceries,56.86,debit,POS (Bancontact),N,2026-08,
T0694,C003,2026-08-04,DREAMLAND,Gifts,25.5,debit,POS (Bancontact),N,2026-08,
T0695,C003,2026-08-05,BAKKER,Groceries,9.88,debit,POS (Bancontact),N,2026-08,
T0696,C003,2026-08-06,BANKAUTOMAAT OPNAME,Cash Withdrawal,92.81,debit,ATM,N,2026-08,
T0697,C003,2026-08-07,DELHAIZE,Groceries,59.09,debit,POS (Bancontact),N,2026-08,
T0698,C003,2026-08-07,ENGIE ELECTRABEL VOORSCHOT,Utilities,190.0,debit,Direct debit,Y,2026-08,
T0699,C003,2026-08-08,FARYS WATER,Utilities,38.0,debit,Direct debit,Y,2026-08,
T0700,C003,2026-08-09,CM ZIEKENFONDS,Health & Pharmacy,9.8,debit,Direct debit,Y,2026-08,
T0701,C003,2026-08-11,TELENET,Telecom,62.0,debit,Direct debit,Y,2026-08,
T0702,C003,2026-08-14,APOTHEEK,Health & Pharmacy,53.57,debit,POS (Bancontact),N,2026-08,
T0703,C003,2026-08-14,SLAGERIJ,Groceries,33.59,debit,POS (Bancontact),N,2026-08,
T0704,C003,2026-08-16,COLRUYT,Groceries,53.75,debit,POS (Bancontact),N,2026-08,
T0705,C003,2026-08-16,HUISARTS,Health & Pharmacy,27.15,debit,POS (Bancontact),N,2026-08,
T0706,C003,2026-08-18,SLAGERIJ,Groceries,34.69,debit,POS (Bancontact),N,2026-08,
T0707,C003,2026-08-23,OVERSCHRIJVING - K. DE WIT,Transfers Out,104.5,debit,SEPA transfer,N,2026-08,
T0708,C003,2026-08-24,KAPPER,Personal Care,30.66,debit,POS (Bancontact),N,2026-08,
T0709,C003,2026-08-28,BAKKER,Groceries,15.07,debit,POS (Bancontact),N,2026-08,
T0710,C003,2026-08-28,TUINCENTRUM,Home & Garden,18.8,debit,POS (Bancontact),N,2026-08,
T0711,C003,2026-09-01,RIJKSDIENST VOOR PENSIOENEN - OVERLEVINGSPENSIOEN,Income - Pension,980.0,credit,SEPA transfer,Y,2026-09,
T0712,C003,2026-09-01,RIJKSDIENST VOOR PENSIOENEN - RUSTPENSIOEN,Income - Pension,1420.0,credit,SEPA transfer,Y,2026-09,
T0713,C003,2026-09-03,BAKKER,Groceries,11.36,debit,POS (Bancontact),N,2026-09,
T0714,C003,2026-09-03,SODEXO DIENSTENCHEQUES,Personal Care,90.0,debit,SEPA transfer,Y,2026-09,
T0715,C003,2026-09-04,DELHAIZE,Groceries,50.66,debit,POS (Bancontact),N,2026-09,
T0716,C003,2026-09-04,OVERSCHRIJVING - K. DE WIT,Transfers Out,137.22,debit,SEPA transfer,N,2026-09,
T0717,C003,2026-09-06,BANKAUTOMAAT OPNAME,Cash Withdrawal,85.78,debit,ATM,N,2026-09,
T0718,C003,2026-09-06,SLAGERIJ,Groceries,27.72,debit,POS (Bancontact),N,2026-09,
T0719,C003,2026-09-07,DREAMLAND,Gifts,33.03,debit,POS (Bancontact),N,2026-09,
T0720,C003,2026-09-07,ENGIE ELECTRABEL VOORSCHOT,Utilities,190.0,debit,Direct debit,Y,2026-09,
T0721,C003,2026-09-08,BAKKER,Groceries,13.16,debit,POS (Bancontact),N,2026-09,
T0722,C003,2026-09-08,FARYS WATER,Utilities,38.0,debit,Direct debit,Y,2026-09,
T0723,C003,2026-09-09,CM ZIEKENFONDS,Health & Pharmacy,9.8,debit,Direct debit,Y,2026-09,
T0724,C003,2026-09-09,SLAGERIJ,Groceries,14.89,debit,POS (Bancontact),N,2026-09,
T0725,C003,2026-09-10,DELHAIZE,Groceries,30.13,debit,POS (Bancontact),N,2026-09,
T0726,C003,2026-09-11,TELENET,Telecom,62.0,debit,Direct debit,Y,2026-09,
T0727,C003,2026-09-11,TUINCENTRUM,Home & Garden,46.94,debit,POS (Bancontact),N,2026-09,
T0728,C003,2026-09-14,APOTHEEK,Health & Pharmacy,46.4,debit,POS (Bancontact),N,2026-09,
T0729,C003,2026-09-14,BAKKER,Groceries,14.44,debit,POS (Bancontact),N,2026-09,
T0730,C003,2026-09-15,BRUSSELS AIRLINES,Travel - Airline,340.0,debit,Card online,N,2026-09,family_visit_flight
T0731,C003,2026-09-15,DREAMLAND,Gifts,38.0,debit,POS (Bancontact),N,2026-09,gift_before_trip
T0732,C003,2026-09-17,APOTHEEK,Health & Pharmacy,31.92,debit,POS (Bancontact),N,2026-09,
T0733,C003,2026-09-17,BANKAUTOMAAT OPNAME,Cash Withdrawal,80.9,debit,ATM,N,2026-09,
T0734,C003,2026-09-20,BAKKER,Groceries,7.91,debit,POS (Bancontact),N,2026-09,
T0735,C003,2026-09-25,COLRUYT,Groceries,39.17,debit,POS (Bancontact),N,2026-09,
T0736,C003,2026-09-26,DELHAIZE,Groceries,38.43,debit,POS (Bancontact),N,2026-09,
T0737,C003,2026-09-28,APOTHEEK,Health & Pharmacy,21.55,debit,POS (Bancontact),N,2026-09,
T0738,C003,2026-09-28,BAKKER,Groceries,11.36,debit,POS (Bancontact),N,2026-09,
